timestep,episode,collision,near_collision,outside_road,reached_exit,max_steps
200,0,0,0,1,0,0
403,1,0,0,0,1,0
461,2,0,0,1,0,0
583,3,0,0,1,0,0
754,4,0,0,1,0,0
761,5,1,0,0,0,0
872,6,0,0,0,1,0
923,7,0,0,1,0,0
1097,8,0,0,0,1,0
1184,9,0,0,1,0,0
1239,10,0,0,1,0,0
1242,11,1,0,0,0,0
1379,12,0,0,0,1,0
1573,13,0,0,0,1,0
1705,14,0,0,0,1,0
1709,15,1,0,0,0,0
1902,16,0,0,0,1,0
2036,17,0,0,0,1,0
2232,18,0,0,0,1,0
2389,19,0,0,0,1,0
2400,20,1,0,0,0,0
2518,21,0,0,0,1,0
2675,22,0,0,0,1,0
2852,23,0,0,0,1,0
2949,24,0,0,1,0,0
3156,25,0,0,0,1,0
3177,26,0,0,1,0,0
3207,27,0,0,1,0,0
3340,28,0,0,0,1,0
3462,29,0,0,0,1,0
3567,30,0,0,0,1,0
