#{"t_start": 1787734965.128336, "env_id": "None"}
r,l,t
75.796645,200,5.177883
86.118821,203,8.559737
22.844718,58,9.684738
65.048807,122,11.877766
68.325681,171,15.09484
-7.36,7,15.311213
82.303893,111,17.506573
16.073546,51,18.519786
88.461783,174,21.66488
52.196748,87,23.19125
13.069469,55,24.230509
-7.332657,3,24.353069
86.153479,137,26.695526
88.56001,194,29.991898
89.024513,132,32.299029
-7.6,4,32.4378
88.68626,193,35.803461
88.791716,134,38.367149
83.837141,196,73.336149
88.951069,157,76.301867
-7.36,11,76.579823
82.650021,118,78.878248
86.000081,157,81.949335
88.36384,177,85.28816
53.035768,97,87.054368
88.313053,207,90.560195
3.476953,21,91.003592
-1.586066,30,91.575799
88.877268,133,93.875037
86.215182,122,96.094259
85.677976,105,98.029736
88.630872,187,101.263959
88.785935,181,104.469972
47.390126,77,105.967445
